{
    "calibration_points_pixel": [
        [
            711,
            353
        ],
        [
            716,
            723
        ],
        [
            1204,
            722
        ],
        [
            1208,
            353
        ]
    ],
    "calibration_points_robot": [
        [
            359.407262,
            41.762399,
            -10.421328
        ],
        [
            299.425563,
            40.72045,
            0.579359
        ],
        [
            300.251048,
            -41.175609,
            1.178297
        ],
        [
            360.286095,
            -40.601042,
            -9.357772
        ]
    ],
    "pixel_to_robot_transform": [
        [
            -0.0007993780425653837,
            -0.16935467947577956,
            413.74799774864874
        ],
        [
            -0.1626640849295873,
            -0.0019258173493619437,
            157.39804684206038
        ],
        [
            -7.0447060593621885e-06,
            -3.318041821528898e-05,
            1.0
        ]
    ],
    "robot_calib_z": -10.421328,
    "robot_calib_r": 6.581045
}